TAGS,FOOD TYPES,MEALS SERVED
,,
Afternoon,All American,Breakfast
Authentic,Asian,Brunch
Authentic Takeout,Bakery,Coffee
Baked Goods,British,Dinner
Bar Area,Chinese,Drinks
Bar Scene,French,Happy Hour
Bar Seating,Fusion,Lunch
Beer & Wine,German,
Beer Selection,Greek,
Casual,Indian,
Celeb Spotting,Italian,
Chef Inventive,Japanese,
Classy,Korean,
Communal Tables,Mexican,
Date Night,Middle Eastern,
Date Spot,Pizza,
Dietary Restriction Friendly,Seafood,
Dog Friendly,Seasonal/Local,
Family Friendly,South American,
Famous Chef,Steakhouse,
Fancy,Sushi,
Farm to Table,Sushi Bar,
First Date,Tapas,
Foodie Famous,Thai,
Fun,Vegan,
Fusion,,
Gastropub,,
GF Options,,
Good Ambiance,,
Good Drinks,,
Good for Families,,
Good for Groups,,
Good for Lunch,,
Good for Parents,,
Great View,,
Happy Hour,,
Hard to get a table,,
Healthy Options,,
Hidden Gem,,
Hotel Dining,,
Hotspot,,
Innovative,,
Karaoke,,
Lively,,
Lively Bar Area,,
Locals,,
New,,
No Reservations,,
Open Late,,
Order at Counter,,
Organic,,
Organic Beer & Wine,,
Outdoor Dining,,
Outdoor Seating,,
Pastries,,
Prime Location,,
Private Room,,
Quiet,,
Romantic,,
Rotating Menu,,
Sceney,,
Seat Yourself,,
Secret ,,
Share Plates,,
Shareable,,
Small Plates,,
Snack,,
Special Occasion,,
Swanky,,
Sweet Treat,,
Take Out Options,,
Takes Reservations (Dinner only),,
Takes Walk Ins,,
Tasting Menu,,
Trendy,,
Upscale,,
Vegan Options,,
Vegetarian Options,,
Wine Bar,,
Worth the Lines,,